{"cameraMode":{"drawMode":0,"name":"Shaded","section":"Shading Mode"},"sceneLighting":true,"audioPlay":false,"sceneViewState":{"m_AlwaysRefresh":true,"showFog":true,"showSkybox":true,"showFlares":true,"showImageEffects":true,"showParticleSystems":true,"showVisualEffectGraphs":true,"m_FxEnabled":true},"in2DMode":false,"pivot":{"x":-15.167228698730469,"y":2.482789993286133,"z":-11.291727066040039},"rotation":{"x":-0.48090729117393496,"y":0.512212336063385,"z":-0.45356085896492007,"w":-0.5500068664550781},"size":0.030980903655290605,"orthographic":false}