{"cameraMode":{"drawMode":0,"name":"Shaded","section":"Shading Mode"},"sceneLighting":true,"audioPlay":false,"sceneViewState":{"m_AlwaysRefresh":true,"showFog":true,"showSkybox":true,"showFlares":true,"showImageEffects":true,"showParticleSystems":true,"showVisualEffectGraphs":true,"m_FxEnabled":true},"in2DMode":false,"pivot":{"x":-12.605769157409668,"y":0.6914941668510437,"z":19.295520782470704},"rotation":{"x":0.028494486585259439,"y":-0.015762651339173318,"z":0.0005148060154169798,"w":0.9996137619018555},"size":15.295835494995118,"orthographic":false}