{"cameraMode":{"drawMode":0,"name":"Shaded","section":"Shading Mode"},"sceneLighting":true,"audioPlay":false,"sceneViewState":{"m_AlwaysRefresh":true,"showFog":true,"showSkybox":true,"showFlares":true,"showImageEffects":true,"showParticleSystems":true,"showVisualEffectGraphs":true,"m_FxEnabled":true},"in2DMode":false,"pivot":{"x":-13.382222175598145,"y":1.7638651132583619,"z":-10.333573341369629},"rotation":{"x":-0.0744638666510582,"y":0.8964720368385315,"z":-0.1610676795244217,"w":-0.40813779830932619},"size":0.5228053331375122,"orthographic":false}