{"cameraMode":{"drawMode":0,"name":"Shaded","section":"Shading Mode"},"sceneLighting":true,"audioPlay":false,"sceneViewState":{"m_AlwaysRefresh":true,"showFog":true,"showSkybox":true,"showFlares":true,"showImageEffects":true,"showParticleSystems":true,"showVisualEffectGraphs":true,"m_FxEnabled":true},"in2DMode":false,"pivot":{"x":-12.723328590393067,"y":2.1750235557556154,"z":-10.425737380981446},"rotation":{"x":-0.06683250516653061,"y":0.8088957667350769,"z":-0.09389159828424454,"w":-0.5766471028327942},"size":0.28000184893608096,"orthographic":false}