{"cameraMode":{"drawMode":0,"name":"Shaded","section":"Shading Mode"},"sceneLighting":true,"audioPlay":false,"sceneViewState":{"m_AlwaysRefresh":true,"showFog":true,"showSkybox":true,"showFlares":true,"showImageEffects":true,"showParticleSystems":true,"showVisualEffectGraphs":true,"m_FxEnabled":true},"in2DMode":false,"pivot":{"x":-12.410701751708985,"y":1.7455074787139893,"z":-10.627537727355957},"rotation":{"x":-0.07081129401922226,"y":0.3751642405986786,"z":-0.028786128386855127,"w":-0.9240059852600098},"size":1.5195379257202149,"orthographic":false}