{"cameraMode":{"drawMode":0,"name":"Shaded","section":"Shading Mode"},"sceneLighting":true,"audioPlay":false,"sceneViewState":{"m_AlwaysRefresh":true,"showFog":true,"showSkybox":true,"showFlares":true,"showImageEffects":true,"showParticleSystems":true,"showVisualEffectGraphs":true,"m_FxEnabled":true},"in2DMode":false,"pivot":{"x":-17.173559188842775,"y":1.5882091522216797,"z":-11.503921508789063},"rotation":{"x":0.0027703135274350645,"y":0.8418619632720947,"z":0.004119000397622585,"w":-0.5397289991378784},"size":2.1565206050872804,"orthographic":false}