{"cameraMode":{"drawMode":0,"name":"Shaded","section":"Shading Mode"},"sceneLighting":true,"audioPlay":false,"sceneViewState":{"m_AlwaysRefresh":true,"showFog":true,"showSkybox":true,"showFlares":true,"showImageEffects":true,"showParticleSystems":true,"showVisualEffectGraphs":true,"m_FxEnabled":true},"in2DMode":false,"pivot":{"x":-15.374491691589356,"y":1.1092240810394288,"z":-11.250544548034668},"rotation":{"x":0.5229281783103943,"y":-0.4733571410179138,"z":0.5225235223770142,"w":0.4809223711490631},"size":0.6830141544342041,"orthographic":false}