{"cameraMode":{"drawMode":0,"name":"Shaded","section":"Shading Mode"},"sceneLighting":true,"audioPlay":false,"sceneViewState":{"m_AlwaysRefresh":true,"showFog":true,"showSkybox":true,"showFlares":true,"showImageEffects":true,"showParticleSystems":true,"showVisualEffectGraphs":true,"m_FxEnabled":true},"in2DMode":false,"pivot":{"x":9.062362670898438,"y":13.367754936218262,"z":-0.2812884747982025},"rotation":{"x":0.13903173804283143,"y":-0.8366526365280151,"z":0.2443600296974182,"w":0.47189104557037356},"size":0.5228053331375122,"orthographic":false}