{"cameraMode":{"drawMode":0,"name":"Shaded","section":"Shading Mode"},"sceneLighting":true,"audioPlay":false,"sceneViewState":{"m_AlwaysRefresh":true,"showFog":true,"showSkybox":true,"showFlares":true,"showImageEffects":true,"showParticleSystems":true,"showVisualEffectGraphs":true,"m_FxEnabled":true},"in2DMode":false,"pivot":{"x":-15.209184646606446,"y":1.159620761871338,"z":-11.340812683105469},"rotation":{"x":0.40972891449928286,"y":-0.5771391987800598,"z":0.4225797951221466,"w":0.5677044987678528},"size":1.4534130096435547,"orthographic":false}