{"cameraMode":{"drawMode":0,"name":"Shaded","section":"Shading Mode"},"sceneLighting":true,"audioPlay":false,"sceneViewState":{"m_AlwaysRefresh":true,"showFog":true,"showSkybox":true,"showFlares":true,"showImageEffects":true,"showParticleSystems":true,"showVisualEffectGraphs":true,"m_FxEnabled":true},"in2DMode":false,"pivot":{"x":-0.021032366901636125,"y":0.5593046545982361,"z":-7.176078796386719},"rotation":{"x":-0.23140481114387513,"y":0.3020336925983429,"z":-0.07595376670360565,"w":-0.9217764735221863},"size":2.4047746658325197,"orthographic":false}