{"cameraMode":{"drawMode":0,"name":"Shaded","section":"Shading Mode"},"sceneLighting":true,"audioPlay":false,"sceneViewState":{"m_AlwaysRefresh":false,"showFog":true,"showSkybox":true,"showFlares":true,"showImageEffects":true,"showParticleSystems":true,"showVisualEffectGraphs":true,"m_FxEnabled":true},"in2DMode":false,"pivot":{"x":0.1323985755443573,"y":-12.476335525512696,"z":-11.082901000976563},"rotation":{"x":-0.3585655987262726,"y":0.6105133891105652,"z":-0.35151663422584536,"w":-0.6137787699699402},"size":16.242633819580079,"orthographic":false}