{"cameraMode":{"drawMode":0,"name":"Shaded","section":"Shading Mode"},"sceneLighting":true,"audioPlay":false,"sceneViewState":{"m_AlwaysRefresh":false,"showFog":true,"showSkybox":true,"showFlares":true,"showImageEffects":true,"showParticleSystems":true,"showVisualEffectGraphs":true,"m_FxEnabled":true},"in2DMode":false,"pivot":{"x":1.5154452323913575,"y":3.996849775314331,"z":-15.422867774963379},"rotation":{"x":-0.17172688245773316,"y":0.5154533386230469,"z":-0.10648631304502487,"w":-0.8336919546127319},"size":3.6613619327545168,"orthographic":false}