{"cameraMode":{"drawMode":0,"name":"Shaded","section":"Shading Mode"},"sceneLighting":true,"audioPlay":false,"sceneViewState":{"m_AlwaysRefresh":false,"showFog":true,"showSkybox":true,"showFlares":true,"showImageEffects":true,"showParticleSystems":true,"showVisualEffectGraphs":true,"m_FxEnabled":true},"in2DMode":false,"pivot":{"x":3.570796251296997,"y":2.1143481731414797,"z":3.50152587890625},"rotation":{"x":-0.024279184639453889,"y":-0.04737083613872528,"z":0.0011499464744701982,"w":-0.99857497215271},"size":12.361184120178223,"orthographic":false}