{"cameraMode":{"drawMode":0,"name":"Shaded","section":"Shading Mode"},"sceneLighting":true,"audioPlay":false,"sceneViewState":{"m_AlwaysRefresh":true,"showFog":true,"showSkybox":true,"showFlares":true,"showImageEffects":true,"showParticleSystems":true,"showVisualEffectGraphs":true,"m_FxEnabled":true},"in2DMode":false,"pivot":{"x":80.2825698852539,"y":2.2669477462768556,"z":-205.77691650390626},"rotation":{"x":0.17113947868347169,"y":-0.45155882835388186,"z":-0.08959824591875076,"w":-0.8712977766990662},"size":1.5195379257202149,"orthographic":false}