{"cameraMode":{"drawMode":0,"name":"Shaded","section":"Shading Mode"},"sceneLighting":true,"audioPlay":false,"sceneViewState":{"m_AlwaysRefresh":true,"showFog":true,"showSkybox":true,"showFlares":true,"showImageEffects":true,"showParticleSystems":true,"showVisualEffectGraphs":true,"m_FxEnabled":true},"in2DMode":false,"pivot":{"x":-15.964620590209961,"y":1.323032021522522,"z":-10.432003021240235},"rotation":{"x":0.14848282933235169,"y":-0.5461638569831848,"z":0.09921201318502426,"w":0.8184480667114258},"size":1.6967582702636719,"orthographic":false}