{"cameraMode":{"drawMode":0,"name":"Shaded","section":"Shading Mode"},"sceneLighting":true,"audioPlay":false,"sceneViewState":{"m_AlwaysRefresh":true,"showFog":true,"showSkybox":true,"showFlares":true,"showImageEffects":true,"showParticleSystems":true,"showVisualEffectGraphs":true,"m_FxEnabled":true},"in2DMode":false,"pivot":{"x":-12.714515686035157,"y":1.0881518125534058,"z":-12.023197174072266},"rotation":{"x":0.010114399716258049,"y":0.9762135744094849,"z":-0.04668528959155083,"w":0.21154174208641053},"size":2.230962038040161,"orthographic":false}