{"cameraMode":{"drawMode":0,"name":"Shaded","section":"Shading Mode"},"sceneLighting":true,"audioPlay":false,"sceneViewState":{"m_AlwaysRefresh":false,"showFog":true,"showSkybox":true,"showFlares":true,"showImageEffects":true,"showParticleSystems":true,"showVisualEffectGraphs":true,"m_FxEnabled":true},"in2DMode":false,"pivot":{"x":-13.708712577819825,"y":-4.970859527587891,"z":-30.401792526245118},"rotation":{"x":0.04404495656490326,"y":-0.9379197359085083,"z":0.12960009276866914,"w":0.31875482201576235},"size":12.361184120178223,"orthographic":false}