{"cameraMode":{"drawMode":0,"name":"Shaded","section":"Shading Mode"},"sceneLighting":true,"audioPlay":false,"sceneViewState":{"m_AlwaysRefresh":true,"showFog":true,"showSkybox":true,"showFlares":true,"showImageEffects":true,"showParticleSystems":true,"showVisualEffectGraphs":true,"m_FxEnabled":true},"in2DMode":false,"pivot":{"x":-13.187170028686524,"y":1.8356977701187134,"z":-10.981106758117676},"rotation":{"x":-0.021090585738420488,"y":-0.9793946146965027,"z":0.1793636679649353,"w":-0.100328229367733},"size":0.021434877067804338,"orthographic":false}