{"cameraMode":{"drawMode":0,"name":"Shaded","section":"Shading Mode"},"sceneLighting":true,"audioPlay":false,"sceneViewState":{"m_AlwaysRefresh":true,"showFog":true,"showSkybox":true,"showFlares":true,"showImageEffects":true,"showParticleSystems":true,"showVisualEffectGraphs":true,"m_FxEnabled":true},"in2DMode":false,"pivot":{"x":-13.076706886291504,"y":2.148071050643921,"z":-11.358085632324219},"rotation":{"x":0.2950032949447632,"y":-0.6214175820350647,"z":0.2695542871952057,"w":0.6751118302345276},"size":0.012302491813898087,"orthographic":false}