{"cameraMode":{"drawMode":0,"name":"Shaded","section":"Shading Mode"},"sceneLighting":true,"audioPlay":false,"sceneViewState":{"m_AlwaysRefresh":true,"showFog":true,"showSkybox":true,"showFlares":true,"showImageEffects":true,"showParticleSystems":true,"showVisualEffectGraphs":true,"m_FxEnabled":true},"in2DMode":false,"pivot":{"x":-11.066174507141114,"y":1.2815779447555543,"z":-10.57667350769043},"rotation":{"x":0.09296740591526032,"y":-0.24240663647651673,"z":0.02334139496088028,"w":0.965430736541748},"size":1.2370227575302125,"orthographic":false}