{"cameraMode":{"drawMode":0,"name":"Shaded","section":"Shading Mode"},"sceneLighting":true,"audioPlay":false,"sceneViewState":{"m_AlwaysRefresh":true,"showFog":true,"showSkybox":true,"showFlares":true,"showImageEffects":true,"showParticleSystems":true,"showVisualEffectGraphs":true,"m_FxEnabled":true},"in2DMode":false,"pivot":{"x":-8.865082740783692,"y":0.42141127586364748,"z":-15.97626781463623},"rotation":{"x":0.026896752417087556,"y":0.9442890286445618,"z":-0.07948052883148194,"w":0.3185615539550781},"size":4.3657684326171879,"orthographic":false}