{"cameraMode":{"drawMode":0,"name":"Shaded","section":"Shading Mode"},"sceneLighting":true,"audioPlay":false,"sceneViewState":{"m_AlwaysRefresh":false,"showFog":true,"showSkybox":true,"showFlares":true,"showImageEffects":true,"showParticleSystems":true,"showVisualEffectGraphs":true,"m_FxEnabled":true},"in2DMode":false,"pivot":{"x":-11.960988998413086,"y":1.3160581588745118,"z":-13.032941818237305},"rotation":{"x":-0.026664400473237039,"y":0.944433331489563,"z":-0.08309637755155564,"w":-0.3193279206752777},"size":1.533077359199524,"orthographic":false}