{"cameraMode":{"drawMode":0,"name":"Shaded","section":"Shading Mode"},"sceneLighting":true,"audioPlay":false,"sceneViewState":{"m_AlwaysRefresh":true,"showFog":true,"showSkybox":true,"showFlares":true,"showImageEffects":true,"showParticleSystems":true,"showVisualEffectGraphs":true,"m_FxEnabled":true},"in2DMode":false,"pivot":{"x":-11.961721420288086,"y":1.5183449983596802,"z":-10.297956466674805},"rotation":{"x":-0.03088619001209736,"y":0.9188995361328125,"z":-0.07870731502771378,"w":-0.38771817088127139},"size":1.1926990747451783,"orthographic":false}