{"cameraMode":{"drawMode":0,"name":"Shaded","section":"Shading Mode"},"sceneLighting":true,"audioPlay":false,"sceneViewState":{"m_AlwaysRefresh":true,"showFog":true,"showSkybox":true,"showFlares":true,"showImageEffects":true,"showParticleSystems":true,"showVisualEffectGraphs":true,"m_FxEnabled":true},"in2DMode":false,"pivot":{"x":-15.661645889282227,"y":-0.8959554433822632,"z":-25.950790405273439},"rotation":{"x":-0.001799449441023171,"y":0.9976128339767456,"z":-0.0629371702671051,"w":-0.029623469337821008},"size":8.639503479003907,"orthographic":false}