{"cameraMode":{"drawMode":0,"name":"Shaded","section":"Shading Mode"},"sceneLighting":true,"audioPlay":false,"sceneViewState":{"m_AlwaysRefresh":true,"showFog":true,"showSkybox":true,"showFlares":true,"showImageEffects":true,"showParticleSystems":true,"showVisualEffectGraphs":true,"m_FxEnabled":true},"in2DMode":false,"pivot":{"x":-11.423821449279786,"y":2.1391220092773439,"z":-11.040231704711914},"rotation":{"x":0.003959762863814831,"y":0.9958729147911072,"z":-0.06584183126688004,"w":0.06379339098930359},"size":1.541974425315857,"orthographic":false}