{"cameraMode":{"drawMode":0,"name":"Shaded","section":"Shading Mode"},"sceneLighting":true,"audioPlay":false,"sceneViewState":{"m_AlwaysRefresh":true,"showFog":true,"showSkybox":true,"showFlares":true,"showImageEffects":true,"showParticleSystems":true,"showVisualEffectGraphs":true,"m_FxEnabled":true},"in2DMode":false,"pivot":{"x":-4.4625420570373539,"y":2.5127859115600588,"z":-9.972017288208008},"rotation":{"x":0.02688208781182766,"y":-0.7033178210258484,"z":0.030317826196551324,"w":0.7110818028450012},"size":1.882925271987915,"orthographic":false}