{"cameraMode":{"drawMode":0,"name":"Shaded","section":"Shading Mode"},"sceneLighting":true,"audioPlay":false,"sceneViewState":{"m_AlwaysRefresh":true,"showFog":true,"showSkybox":true,"showFlares":true,"showImageEffects":true,"showParticleSystems":true,"showVisualEffectGraphs":true,"m_FxEnabled":true},"in2DMode":false,"pivot":{"x":-15.407929420471192,"y":1.5628650188446046,"z":-12.380814552307129},"rotation":{"x":0.027159327641129495,"y":0.9258437156677246,"z":-0.37450486421585085,"w":0.06053626537322998},"size":0.7680119872093201,"orthographic":false}