{"cameraMode":{"drawMode":0,"name":"Shaded","section":"Shading Mode"},"sceneLighting":false,"audioPlay":false,"sceneViewState":{"m_AlwaysRefresh":true,"showFog":true,"showSkybox":false,"showFlares":true,"showImageEffects":true,"showParticleSystems":true,"showVisualEffectGraphs":true,"m_FxEnabled":true},"in2DMode":false,"pivot":{"x":-1432.5716552734375,"y":-366.28790283203127,"z":168.29318237304688},"rotation":{"x":0.03482545167207718,"y":-0.9413053393363953,"z":0.3197184205055237,"w":0.10254675894975662},"size":0.8660253882408142,"orthographic":false}