{"cameraMode":{"drawMode":0,"name":"Shaded","section":"Shading Mode"},"sceneLighting":false,"audioPlay":false,"sceneViewState":{"m_AlwaysRefresh":true,"showFog":true,"showSkybox":false,"showFlares":true,"showImageEffects":true,"showParticleSystems":true,"showVisualEffectGraphs":true,"m_FxEnabled":true},"in2DMode":false,"pivot":{"x":-0.0020777881145477297,"y":0.13643892109394074,"z":0.0022401809692382814},"rotation":{"x":0.04050305113196373,"y":-0.9453095197677612,"z":0.13928601145744325,"w":0.2953624725341797},"size":0.3483850955963135,"orthographic":false}