{"cameraMode":{"drawMode":0,"name":"Shaded","section":"Shading Mode"},"sceneLighting":false,"audioPlay":false,"sceneViewState":{"m_AlwaysRefresh":true,"showFog":true,"showSkybox":false,"showFlares":true,"showImageEffects":true,"showParticleSystems":true,"showVisualEffectGraphs":true,"m_FxEnabled":true},"in2DMode":false,"pivot":{"x":0.32378482818603518,"y":-0.10131603479385376,"z":-2.9844980239868166},"rotation":{"x":0.20554541051387788,"y":-0.6979330778121948,"z":0.2210868000984192,"w":0.6495124101638794},"size":0.6049287915229797,"orthographic":false}