{"cameraMode":{"drawMode":0,"name":"Shaded","section":"Shading Mode"},"sceneLighting":false,"audioPlay":false,"sceneViewState":{"m_AlwaysRefresh":true,"showFog":true,"showSkybox":false,"showFlares":true,"showImageEffects":true,"showParticleSystems":true,"showVisualEffectGraphs":true,"m_FxEnabled":true},"in2DMode":false,"pivot":{"x":0.7648313045501709,"y":1.2274972200393677,"z":-1.3553684949874879},"rotation":{"x":-0.0030217424500733616,"y":-0.943866491317749,"z":0.008477160707116127,"w":-0.33046481013298037},"size":1.415897250175476,"orthographic":false}