{"cameraMode":{"drawMode":0,"name":"Shaded","section":"Shading Mode"},"sceneLighting":false,"audioPlay":false,"sceneViewState":{"m_AlwaysRefresh":true,"showFog":true,"showSkybox":false,"showFlares":true,"showImageEffects":true,"showParticleSystems":true,"showVisualEffectGraphs":true,"m_FxEnabled":true},"in2DMode":false,"pivot":{"x":-2.1510000228881838,"y":0.29066985845565798,"z":1.5859999656677247},"rotation":{"x":0.04050305113196373,"y":-0.9453095197677612,"z":0.13928601145744325,"w":0.2953624725341797},"size":0.49755433201789858,"orthographic":false}